Time_s,Time_min,Temperature_C,StdDev_C
1.00,0.0167,-20.0025,0.0097
2.00,0.0333,-19.9925,0.0211
3.00,0.0500,-19.9688,0.0443
4.00,0.0667,-19.9150,0.0826
5.00,0.0833,-19.8263,0.1287
6.00,0.1000,-19.6925,0.1756
7.00,0.1167,-19.5050,0.2075
8.00,0.1333,-19.2687,0.2472
9.00,0.1500,-18.9750,0.2980
10.00,0.1667,-18.6675,0.3077
11.00,0.1833,-18.3694,0.3088
12.00,0.2000,-18.0425,0.3415
13.00,0.2167,-17.6988,0.3545
14.00,0.2333,-17.3037,0.3679
15.00,0.2500,-16.9381,0.3450
16.00,0.2667,-16.5575,0.3381
17.00,0.2833,-16.1487,0.3465
18.00,0.3000,-15.7237,0.3340
19.00,0.3167,-15.3225,0.3240
20.00,0.3333,-14.9100,0.3534
21.00,0.3500,-14.5050,0.3636
22.00,0.3667,-14.1013,0.3988
23.00,0.3833,-13.7037,0.4514
24.00,0.4000,-13.2975,0.5037
25.00,0.4167,-12.9400,0.5470
26.00,0.4333,-12.5675,0.6594
27.00,0.4500,-12.1962,0.7722
28.00,0.4667,-11.8375,0.8817
29.00,0.4833,-11.4750,1.0021
30.00,0.5000,-11.1075,1.1280
31.00,0.5167,-10.7525,1.2636
32.00,0.5333,-10.4312,1.3748
33.00,0.5500,-10.0949,1.4980
34.00,0.5667,-9.7435,1.6288
35.00,0.5833,-9.3810,1.7632
36.00,0.6000,-9.0421,1.8872
37.00,0.6167,-8.6821,2.0211
38.00,0.6333,-8.3295,2.1565
39.00,0.6500,-7.9794,2.2878
40.00,0.6667,-7.6544,2.4094
41.00,0.6833,-7.3093,2.5376
42.00,0.7000,-6.9855,2.6580
43.00,0.7167,-6.6691,2.7774
44.00,0.7333,-6.3491,2.8968
45.00,0.7500,-6.0490,3.0086
46.00,0.7667,-5.7527,3.1186
47.00,0.7833,-5.4876,3.2187
48.00,0.8000,-5.2494,3.3065
49.00,0.8167,-5.0225,3.3919
50.00,0.8333,-4.8280,3.4636
51.00,0.8500,-4.6261,3.5382
52.00,0.8667,-4.4410,3.6073
53.00,0.8833,-4.2722,3.6697
54.00,0.9000,-4.1184,3.7271
55.00,0.9167,-3.9945,3.7731
56.00,0.9333,-3.8732,3.8185
57.00,0.9500,-3.7694,3.8569
58.00,0.9667,-3.6893,3.8868
59.00,0.9833,-3.6155,3.9141
60.00,1.0000,-3.5586,3.9351
61.00,1.0167,-3.5129,3.9521
62.00,1.0333,-3.4715,3.9674
63.00,1.0500,-3.4390,3.9795
64.00,1.0667,-3.4151,3.9884
65.00,1.0833,-3.3926,3.9967
66.00,1.1000,-3.3775,4.0023
67.00,1.1167,-3.3662,4.0065
68.00,1.1333,-3.3574,4.0100
69.00,1.1500,-3.3498,4.0129
70.00,1.1667,-3.3435,4.0154
71.00,1.1833,-3.3359,4.0184
72.00,1.2000,-3.3282,4.0214
73.00,1.2167,-3.3231,4.0236
74.00,1.2333,-3.3155,4.0265
75.00,1.2500,-3.3067,4.0302
76.00,1.2667,-3.2978,4.0337
77.00,1.2833,-3.2902,4.0367
78.00,1.3000,-3.2813,4.0403
79.00,1.3167,-3.2719,4.0443
80.00,1.3333,-3.2636,4.0477
81.00,1.3500,-3.2548,4.0513
82.00,1.3667,-3.2447,4.0554
83.00,1.3833,-3.2358,4.0591
84.00,1.4000,-3.2269,4.0627
85.00,1.4167,-3.2156,4.0674
86.00,1.4333,-3.2067,4.0711
87.00,1.4500,-3.1991,4.0744
88.00,1.4667,-3.1877,4.0791
89.00,1.4833,-3.1776,4.0834
90.00,1.5000,-3.1688,4.0871
91.00,1.5167,-3.1587,4.0915
92.00,1.5333,-3.1486,4.0957
93.00,1.5500,-3.1397,4.0996
94.00,1.5667,-3.1283,4.1044
95.00,1.5833,-3.1195,4.1082
96.00,1.6000,-3.1081,4.1133
97.00,1.6167,-3.0968,4.1182
98.00,1.6333,-3.0866,4.1222
99.00,1.6500,-3.0715,4.1286
100.00,1.6667,-3.0627,4.1323
101.00,1.6833,-3.0501,4.1375
102.00,1.7000,-2.9894,4.0144
103.00,1.7167,-2.9275,3.8805
104.00,1.7333,-2.8737,3.7815
105.00,1.7500,-2.8049,3.6391
106.00,1.7667,-2.7411,3.5066
107.00,1.7833,-2.6773,3.3783
108.00,1.8000,-2.6186,3.2590
109.00,1.8167,-2.5535,3.1311
110.00,1.8333,-2.4885,3.0001
111.00,1.8500,-2.4184,2.8526
112.00,1.8667,-2.3547,2.7213
113.00,1.8833,-2.2946,2.6041
114.00,1.9000,-2.2246,2.4615
115.00,1.9167,-2.1620,2.3386
116.00,1.9333,-2.1045,2.2293
117.00,1.9500,-2.0357,2.0884
118.00,1.9667,-1.9694,1.9581
119.00,1.9833,-1.9094,1.8410
120.00,2.0000,-1.8481,1.7296
121.00,2.0167,-1.7918,1.6281
122.00,2.0333,-1.7305,1.5115
123.00,2.0500,-1.6730,1.4110
124.00,2.0667,-1.6179,1.3167
125.00,2.0833,-1.5642,1.2297
126.00,2.1000,-1.5141,1.1501
127.00,2.1167,-1.4703,1.0926
128.00,2.1333,-1.4203,1.0192
129.00,2.1500,-1.3778,0.9697
130.00,2.1667,-1.3365,0.9173
131.00,2.1833,-1.3002,0.8800
132.00,2.2000,-1.2664,0.8492
133.00,2.2167,-1.2351,0.8270
134.00,2.2333,-1.2013,0.8067
135.00,2.2500,-1.1825,0.8029
136.00,2.2667,-1.1587,0.8019
137.00,2.2833,-1.1362,0.7945
138.00,2.3000,-1.1124,0.7889
139.00,2.3167,-1.0911,0.7878
140.00,2.3333,-1.0698,0.7879
141.00,2.3500,-1.0498,0.7910
142.00,2.3667,-1.0335,0.7935
143.00,2.3833,-1.0135,0.7971
144.00,2.4000,-0.9972,0.8026
145.00,2.4167,-0.9809,0.8092
146.00,2.4333,-0.9659,0.8138
147.00,2.4500,-0.9521,0.8176
148.00,2.4667,-0.9389,0.8256
149.00,2.4833,-0.9232,0.8323
150.00,2.5000,-0.9070,0.8393
151.00,2.5167,-0.8932,0.8454
152.00,2.5333,-0.8781,0.8509
153.00,2.5500,-0.8618,0.8597
154.00,2.5667,-0.8456,0.8673
155.00,2.5833,-0.8330,0.8740
156.00,2.6000,-0.8167,0.8817
157.00,2.6167,-0.8017,0.8892
158.00,2.6333,-0.7866,0.8972
159.00,2.6500,-0.7722,0.9022
160.00,2.6667,-0.7591,0.9075
161.00,2.6833,-0.7428,0.9152
162.00,2.7000,-0.7277,0.9233
163.00,2.7167,-0.7127,0.9314
164.00,2.7333,-0.6977,0.9372
165.00,2.7500,-0.6814,0.9469
166.00,2.7667,-0.6676,0.9555
167.00,2.7833,-0.6501,0.9647
168.00,2.8000,-0.6350,0.9707
169.00,2.8167,-0.6200,0.9791
170.00,2.8333,-0.6049,0.9891
171.00,2.8500,-0.5887,0.9968
172.00,2.8667,-0.5736,1.0051
173.00,2.8833,-0.5611,1.0104
174.00,2.9000,-0.5435,1.0198
175.00,2.9167,-0.5285,1.0280
176.00,2.9333,-0.5147,1.0350
177.00,2.9500,-0.5009,1.0418
178.00,2.9667,-0.4821,1.0528
179.00,2.9833,-0.4683,1.0596
180.00,3.0000,-0.4533,1.0663
181.00,3.0167,-0.4383,1.0745
182.00,3.0333,-0.4220,1.0844
183.00,3.0500,-0.4082,1.0896
184.00,3.0667,-0.3957,1.0954
185.00,3.0833,-0.3794,1.1035
186.00,3.1000,-0.3656,1.1107
187.00,3.1167,-0.3505,1.1192
188.00,3.1333,-0.3318,1.1248
189.00,3.1500,-0.3130,1.1272
190.00,3.1667,-0.2943,1.1311
191.00,3.1833,-0.2755,1.1336
192.00,3.2000,-0.2555,1.1372
193.00,3.2167,-0.2380,1.1401
194.00,3.2333,-0.2218,1.1415
195.00,3.2500,-0.2005,1.1441
196.00,3.2667,-0.1855,1.1487
197.00,3.2833,-0.1680,1.1498
198.00,3.3000,-0.1505,1.1501
199.00,3.3167,-0.1330,1.1542
200.00,3.3333,-0.1142,1.1561
201.00,3.3500,-0.0967,1.1602
202.00,3.3667,-0.0792,1.1635
203.00,3.3833,-0.0629,1.1671
204.00,3.4000,-0.0454,1.1706
205.00,3.4167,-0.0279,1.1740
206.00,3.4333,-0.0117,1.1777
207.00,3.4500,0.0083,1.1806
208.00,3.4667,0.0246,1.1825
209.00,3.4833,0.0396,1.1848
210.00,3.5000,0.0571,1.1883
211.00,3.5167,0.0746,1.1904
212.00,3.5333,0.0909,1.1944
213.00,3.5500,0.1096,1.1977
214.00,3.5667,0.1259,1.2018
215.00,3.5833,0.1446,1.2053
216.00,3.6000,0.1621,1.2092
217.00,3.6167,0.1759,1.2107
218.00,3.6333,0.1934,1.2154
219.00,3.6500,0.2109,1.2194
220.00,3.6667,0.2297,1.2232
221.00,3.6833,0.2459,1.2276
222.00,3.7000,0.2634,1.2317
223.00,3.7167,0.2778,1.2377
224.00,3.7333,0.2959,1.2427
225.00,3.7500,0.3127,0.6214
226.00,3.7667,0.3296,0.6214
227.00,3.7833,0.3464,0.6214
228.00,3.8000,0.3632,0.6214
229.00,3.8167,0.3800,0.6214
230.00,3.8333,0.3968,0.6214
231.00,3.8500,0.4136,0.6214
232.00,3.8667,0.4304,0.6214
233.00,3.8833,0.4472,0.6214
234.00,3.9000,0.4640,0.6214
235.00,3.9167,0.4809,0.6214
236.00,3.9333,0.4977,0.6214
237.00,3.9500,0.5145,0.6214
238.00,3.9667,0.5313,0.6214
239.00,3.9833,0.5481,0.6214
240.00,4.0000,0.5649,0.6214
241.00,4.0167,0.5817,0.6214
242.00,4.0333,0.5985,0.6214
243.00,4.0500,0.6154,0.6214
244.00,4.0667,0.6322,0.6214
245.00,4.0833,0.6490,0.6214
246.00,4.1000,0.6658,0.6214
247.00,4.1167,0.6826,0.6214
248.00,4.1333,0.6994,0.6214
249.00,4.1500,0.7162,0.6214
250.00,4.1667,0.7330,0.6214
251.00,4.1833,0.7498,0.6214
252.00,4.2000,0.7667,0.6214
253.00,4.2167,0.7835,0.6214
254.00,4.2333,0.8003,0.6214
255.00,4.2500,0.8171,0.6214
256.00,4.2667,0.8339,0.6214
257.00,4.2833,0.8507,0.6214
258.00,4.3000,0.8675,0.6214
259.00,4.3167,0.8843,0.6214
260.00,4.3333,0.9011,0.6214
261.00,4.3500,0.9180,0.6214
262.00,4.3667,0.9348,0.6214
263.00,4.3833,0.9516,0.6214
264.00,4.4000,0.9684,0.6214
265.00,4.4167,0.9852,0.6214
266.00,4.4333,1.0020,0.6214
267.00,4.4500,1.0188,0.6214
268.00,4.4667,1.0356,0.6214
269.00,4.4833,1.0525,0.6214
270.00,4.5000,1.0693,0.6214
271.00,4.5167,1.0861,0.6214
272.00,4.5333,1.1029,0.6214
273.00,4.5500,1.1197,0.6214
274.00,4.5667,1.1365,0.6214
275.00,4.5833,1.1533,0.6214
276.00,4.6000,1.1701,0.6214
277.00,4.6167,1.1869,0.6214
278.00,4.6333,1.2038,0.6214
279.00,4.6500,1.2206,0.6214
280.00,4.6667,1.2374,0.6214
281.00,4.6833,1.2542,0.6214
282.00,4.7000,1.2710,0.6214
283.00,4.7167,1.2878,0.6214
284.00,4.7333,1.3046,0.6214
285.00,4.7500,1.3214,0.6214
286.00,4.7667,1.3382,0.6214
287.00,4.7833,1.3551,0.6214
288.00,4.8000,1.3719,0.6214
289.00,4.8167,1.3887,0.6214
290.00,4.8333,1.4055,0.6214
291.00,4.8500,1.4223,0.6214
292.00,4.8667,1.4391,0.6214
293.00,4.8833,1.4559,0.6214
294.00,4.9000,1.4727,0.6214
295.00,4.9167,1.4896,0.6214
296.00,4.9333,1.5064,0.6214
297.00,4.9500,1.5232,0.6214
298.00,4.9667,1.5400,0.6214
299.00,4.9833,1.5568,0.6214
300.00,5.0000,1.5736,0.6214
301.00,5.0167,1.5904,0.6214
302.00,5.0333,1.6072,0.6214
303.00,5.0500,1.6240,0.6214
304.00,5.0667,1.6409,0.6214
305.00,5.0833,1.6577,0.6214
306.00,5.1000,1.6745,0.6214
307.00,5.1167,1.6913,0.6214
308.00,5.1333,1.7081,0.6214
309.00,5.1500,1.7249,0.6214
310.00,5.1667,1.7417,0.6214
311.00,5.1833,1.7585,0.6214
312.00,5.2000,1.7754,0.6214
313.00,5.2167,1.7922,0.6214
314.00,5.2333,1.8090,0.6214
315.00,5.2500,1.8258,0.6214
316.00,5.2667,1.8426,0.6214
317.00,5.2833,1.8594,0.6214
318.00,5.3000,1.8762,0.6214
319.00,5.3167,1.8930,0.6214
320.00,5.3333,1.9098,0.6214
321.00,5.3500,1.9267,0.6214
322.00,5.3667,1.9435,0.6214
323.00,5.3833,1.9603,0.6214
324.00,5.4000,1.9771,0.6214
325.00,5.4167,1.9939,0.6214
326.00,5.4333,2.0107,0.6214
327.00,5.4500,2.0275,0.6214
328.00,5.4667,2.0443,0.6214
329.00,5.4833,2.0611,0.6214
330.00,5.5000,2.0780,0.6214
331.00,5.5167,2.0948,0.6214
332.00,5.5333,2.1116,0.6214
333.00,5.5500,2.1284,0.6214
334.00,5.5667,2.1452,0.6214
335.00,5.5833,2.1620,0.6214
336.00,5.6000,2.1788,0.6214
337.00,5.6167,2.1956,0.6214
338.00,5.6333,2.2125,0.6214
339.00,5.6500,2.2293,0.6214
340.00,5.6667,2.2461,0.6214
341.00,5.6833,2.2629,0.6214
342.00,5.7000,2.2797,0.6214
343.00,5.7167,2.2965,0.6214
344.00,5.7333,2.3133,0.6214
345.00,5.7500,2.3301,0.6214
346.00,5.7667,2.3469,0.6214
347.00,5.7833,2.3638,0.6214
348.00,5.8000,2.3806,0.6214
349.00,5.8167,2.3974,0.6214
350.00,5.8333,2.4142,0.6214
351.00,5.8500,2.4310,0.6214
352.00,5.8667,2.4478,0.6214
353.00,5.8833,2.4646,0.6214
354.00,5.9000,2.4814,0.6214
355.00,5.9167,2.4982,0.6214
356.00,5.9333,2.5151,0.6214
357.00,5.9500,2.5319,0.6214
358.00,5.9667,2.5487,0.6214
359.00,5.9833,2.5655,0.6214
360.00,6.0000,2.5823,0.6214
361.00,6.0167,2.5991,0.6214
362.00,6.0333,2.6159,0.6214
363.00,6.0500,2.6327,0.6214
364.00,6.0667,2.6496,0.6214
365.00,6.0833,2.6664,0.6214
366.00,6.1000,2.6832,0.6214
367.00,6.1167,2.7000,0.6214
368.00,6.1333,2.7168,0.6214
369.00,6.1500,2.7336,0.6214
370.00,6.1667,2.7504,0.6214
371.00,6.1833,2.7672,0.6214
372.00,6.2000,2.7840,0.6214
373.00,6.2167,2.8009,0.6214
374.00,6.2333,2.8177,0.6214
375.00,6.2500,2.8345,0.6214
376.00,6.2667,2.8513,0.6214
377.00,6.2833,2.8681,0.6214
378.00,6.3000,2.8849,0.6214
379.00,6.3167,2.9017,0.6214
380.00,6.3333,2.9185,0.6214
381.00,6.3500,2.9354,0.6214
382.00,6.3667,2.9522,0.6214
383.00,6.3833,2.9690,0.6214
384.00,6.4000,2.9858,0.6214
385.00,6.4167,3.0026,0.6214
386.00,6.4333,3.0194,0.6214
387.00,6.4500,3.0362,0.6214
388.00,6.4667,3.0530,0.6214
389.00,6.4833,3.0698,0.6214
390.00,6.5000,3.0867,0.6214
391.00,6.5167,3.1035,0.6214
392.00,6.5333,3.1203,0.6214
393.00,6.5500,3.1371,0.6214
394.00,6.5667,3.1539,0.6214
395.00,6.5833,3.1707,0.6214
396.00,6.6000,3.1875,0.6214
397.00,6.6167,3.2043,0.6214
398.00,6.6333,3.2211,0.6214
399.00,6.6500,3.2380,0.6214
400.00,6.6667,3.2548,0.6214
401.00,6.6833,3.2716,0.6214
402.00,6.7000,3.2884,0.6214
403.00,6.7167,3.3052,0.6214
404.00,6.7333,3.3220,0.6214
405.00,6.7500,3.3388,0.6214
406.00,6.7667,3.3556,0.6214
407.00,6.7833,3.3725,0.6214
408.00,6.8000,3.3893,0.6214
409.00,6.8167,3.4061,0.6214
410.00,6.8333,3.4229,0.6214
411.00,6.8500,3.4397,0.6214
412.00,6.8667,3.4565,0.6214
413.00,6.8833,3.4733,0.6214
414.00,6.9000,3.4901,0.6214
415.00,6.9167,3.5069,0.6214
416.00,6.9333,3.5238,0.6214
417.00,6.9500,3.5406,0.6214
418.00,6.9667,3.5574,0.6214
419.00,6.9833,3.5742,0.6214
420.00,7.0000,3.5910,0.6214
421.00,7.0167,3.6078,0.6214
422.00,7.0333,3.6246,0.6214
423.00,7.0500,3.6414,0.6214
424.00,7.0667,3.6582,0.6214
425.00,7.0833,3.6751,0.6214
426.00,7.1000,3.6919,0.6214
427.00,7.1167,3.7087,0.6214
428.00,7.1333,3.7255,0.6214
429.00,7.1500,3.7423,0.6214
430.00,7.1667,3.7591,0.6214
431.00,7.1833,3.7759,0.6214
432.00,7.2000,3.7927,0.6214
433.00,7.2167,3.8096,0.6214
434.00,7.2333,3.8264,0.6214
435.00,7.2500,3.8432,0.6214
436.00,7.2667,3.8600,0.6214
437.00,7.2833,3.8768,0.6214
438.00,7.3000,3.8936,0.6214
439.00,7.3167,3.9104,0.6214
440.00,7.3333,3.9272,0.6214
441.00,7.3500,3.9440,0.6214
442.00,7.3667,3.9609,0.6214
443.00,7.3833,3.9777,0.6214
444.00,7.4000,3.9945,0.6214
445.00,7.4167,4.0113,0.6214
446.00,7.4333,4.0281,0.6214
447.00,7.4500,4.0449,0.6214
448.00,7.4667,4.0617,0.6214
449.00,7.4833,4.0785,0.6214
450.00,7.5000,4.0954,0.6214
451.00,7.5167,4.1122,0.6214
452.00,7.5333,4.1290,0.6214
453.00,7.5500,4.1458,0.6214
454.00,7.5667,4.1626,0.6214
455.00,7.5833,4.1794,0.6214
456.00,7.6000,4.1962,0.6214
457.00,7.6167,4.2130,0.6214
458.00,7.6333,4.2298,0.6214
459.00,7.6500,4.2467,0.6214
460.00,7.6667,4.2635,0.6214
461.00,7.6833,4.2803,0.6214
462.00,7.7000,4.2971,0.6214
463.00,7.7167,4.3139,0.6214
464.00,7.7333,4.3307,0.6214
465.00,7.7500,4.3475,0.6214
466.00,7.7667,4.3643,0.6214
467.00,7.7833,4.3811,0.6214
468.00,7.8000,4.3980,0.6214
469.00,7.8167,4.4148,0.6214
470.00,7.8333,4.4316,0.6214
471.00,7.8500,4.4484,0.6214
472.00,7.8667,4.4652,0.6214
473.00,7.8833,4.4820,0.6214
474.00,7.9000,4.4988,0.6214
475.00,7.9167,4.5156,0.6214
476.00,7.9333,4.5325,0.6214
477.00,7.9500,4.5493,0.6214
478.00,7.9667,4.5661,0.6214
479.00,7.9833,4.5829,0.6214
480.00,8.0000,4.5997,0.6214
481.00,8.0167,4.6165,0.6214
482.00,8.0333,4.6333,0.6214
483.00,8.0500,4.6501,0.6214
484.00,8.0667,4.6669,0.6214
485.00,8.0833,4.6838,0.6214
486.00,8.1000,4.7006,0.6214
487.00,8.1167,4.7174,0.6214
488.00,8.1333,4.7342,0.6214
489.00,8.1500,4.7510,0.6214
490.00,8.1667,4.7678,0.6214
491.00,8.1833,4.7846,0.6214
492.00,8.2000,4.8014,0.6214
493.00,8.2167,4.8182,0.6214
494.00,8.2333,4.8351,0.6214
495.00,8.2500,4.8519,0.6214
496.00,8.2667,4.8687,0.6214
497.00,8.2833,4.8855,0.6214
498.00,8.3000,4.9023,0.6214
499.00,8.3167,4.9191,0.6214
500.00,8.3333,4.9359,0.6214
501.00,8.3500,4.9527,0.6214
502.00,8.3667,4.9696,0.6214
503.00,8.3833,4.9864,0.6214
504.00,8.4000,5.0032,0.6214
505.00,8.4167,5.0200,0.6214
506.00,8.4333,5.0368,0.6214
507.00,8.4500,5.0536,0.6214
508.00,8.4667,5.0704,0.6214
509.00,8.4833,5.0872,0.6214
510.00,8.5000,5.1040,0.6214
511.00,8.5167,5.1209,0.6214
512.00,8.5333,5.1377,0.6214
513.00,8.5500,5.1545,0.6214
514.00,8.5667,5.1713,0.6214
515.00,8.5833,5.1881,0.6214
516.00,8.6000,5.2049,0.6214
517.00,8.6167,5.2217,0.6214
518.00,8.6333,5.2385,0.6214
519.00,8.6500,5.2554,0.6214
520.00,8.6667,5.2722,0.6214
521.00,8.6833,5.2890,0.6214
522.00,8.7000,5.3058,0.6214
523.00,8.7167,5.3226,0.6214
524.00,8.7333,5.3394,0.6214
525.00,8.7500,5.3562,0.6214
526.00,8.7667,5.3730,0.6214
527.00,8.7833,5.3898,0.6214
528.00,8.8000,5.4067,0.6214
529.00,8.8167,5.4235,0.6214
530.00,8.8333,5.4403,0.6214
531.00,8.8500,5.4571,0.6214
532.00,8.8667,5.4739,0.6214
533.00,8.8833,5.4907,0.6214
534.00,8.9000,5.5075,0.6214
535.00,8.9167,5.5243,0.6214
536.00,8.9333,5.5411,0.6214
537.00,8.9500,5.5580,0.6214
538.00,8.9667,5.5748,0.6214
539.00,8.9833,5.5916,0.6214
540.00,9.0000,5.6084,0.6214
541.00,9.0167,5.6252,0.6214
542.00,9.0333,5.6420,0.6214
543.00,9.0500,5.6588,0.6214
544.00,9.0667,5.6756,0.6214
545.00,9.0833,5.6925,0.6214
546.00,9.1000,5.7093,0.6214
547.00,9.1167,5.7261,0.6214
548.00,9.1333,5.7429,0.6214
549.00,9.1500,5.7597,0.6214
550.00,9.1667,5.7765,0.6214
551.00,9.1833,5.7933,0.6214
552.00,9.2000,5.8101,0.6214
553.00,9.2167,5.8269,0.6214
554.00,9.2333,5.8438,0.6214
555.00,9.2500,5.8606,0.6214
556.00,9.2667,5.8774,0.6214
557.00,9.2833,5.8942,0.6214
558.00,9.3000,5.9110,0.6214
559.00,9.3167,5.9278,0.6214
560.00,9.3333,5.9446,0.6214
561.00,9.3500,5.9614,0.6214
562.00,9.3667,5.9782,0.6214
563.00,9.3833,5.9951,0.6214
564.00,9.4000,6.0119,0.6214
565.00,9.4167,6.0287,0.6214
566.00,9.4333,6.0455,0.6214
567.00,9.4500,6.0623,0.6214
568.00,9.4667,6.0791,0.6214
569.00,9.4833,6.0959,0.6214
570.00,9.5000,6.1127,0.6214
571.00,9.5167,6.1296,0.6214
572.00,9.5333,6.1464,0.6214
573.00,9.5500,6.1632,0.6214
574.00,9.5667,6.1800,0.6214
575.00,9.5833,6.1968,0.6214
576.00,9.6000,6.2136,0.6214
577.00,9.6167,6.2304,0.6214
578.00,9.6333,6.2472,0.6214
579.00,9.6500,6.2640,0.6214
580.00,9.6667,6.2809,0.6214
581.00,9.6833,6.2977,0.6214
582.00,9.7000,6.3145,0.6214
583.00,9.7167,6.3313,0.6214
584.00,9.7333,6.3481,0.6214
585.00,9.7500,6.3649,0.6214
586.00,9.7667,6.3817,0.6214
587.00,9.7833,6.3985,0.6214
588.00,9.8000,6.4154,0.6214
589.00,9.8167,6.4322,0.6214
590.00,9.8333,6.4490,0.6214
591.00,9.8500,6.4658,0.6214
592.00,9.8667,6.4826,0.6214
593.00,9.8833,6.4994,0.6214
594.00,9.9000,6.5162,0.6214
595.00,9.9167,6.5330,0.6214
596.00,9.9333,6.5498,0.6214
597.00,9.9500,6.5667,0.6214
598.00,9.9667,6.5835,0.6214
599.00,9.9833,6.6003,0.6214
600.00,10.0000,6.6171,0.6214
601.00,10.0167,6.6339,0.6214
602.00,10.0333,6.6507,0.6214
603.00,10.0500,6.6675,0.6214
604.00,10.0667,6.6843,0.6214
605.00,10.0833,6.7011,0.6214
606.00,10.1000,6.7180,0.6214
607.00,10.1167,6.7348,0.6214
608.00,10.1333,6.7516,0.6214
609.00,10.1500,6.7684,0.6214
610.00,10.1667,6.7852,0.6214
611.00,10.1833,6.8020,0.6214
612.00,10.2000,6.8188,0.6214
613.00,10.2167,6.8356,0.6214
614.00,10.2333,6.8525,0.6214
615.00,10.2500,6.8693,0.6214
616.00,10.2667,6.8861,0.6214
617.00,10.2833,6.9029,0.6214
618.00,10.3000,6.9197,0.6214
619.00,10.3167,6.9365,0.6214
620.00,10.3333,6.9533,0.6214
621.00,10.3500,6.9701,0.6214
622.00,10.3667,6.9869,0.6214
623.00,10.3833,7.0038,0.6214
624.00,10.4000,7.0206,0.6214
625.00,10.4167,7.0374,0.6214
626.00,10.4333,7.0542,0.6214
627.00,10.4500,7.0710,0.6214
628.00,10.4667,7.0878,0.6214
629.00,10.4833,7.1046,0.6214
630.00,10.5000,7.1214,0.6214
631.00,10.5167,7.1382,0.6214
632.00,10.5333,7.1551,0.6214
633.00,10.5500,7.1719,0.6214
634.00,10.5667,7.1887,0.6214
635.00,10.5833,7.2055,0.6214
636.00,10.6000,7.2223,0.6214
637.00,10.6167,7.2391,0.6214
638.00,10.6333,7.2559,0.6214
639.00,10.6500,7.2727,0.6214
640.00,10.6667,7.2896,0.6214
641.00,10.6833,7.3064,0.6214
642.00,10.7000,7.3232,0.6214
643.00,10.7167,7.3400,0.6214
644.00,10.7333,7.3568,0.6214
645.00,10.7500,7.3736,0.6214
646.00,10.7667,7.3904,0.6214
647.00,10.7833,7.4072,0.6214
648.00,10.8000,7.4240,0.6214
649.00,10.8167,7.4409,0.6214
650.00,10.8333,7.4577,0.6214
651.00,10.8500,7.4745,0.6214
652.00,10.8667,7.4913,0.6214
653.00,10.8833,7.5081,0.6214
654.00,10.9000,7.5249,0.6214
655.00,10.9167,7.5417,0.6214
656.00,10.9333,7.5585,0.6214
657.00,10.9500,7.5754,0.6214
658.00,10.9667,7.5922,0.6214
659.00,10.9833,7.6090,0.6214
660.00,11.0000,7.6258,0.6214
661.00,11.0167,7.6426,0.6214
662.00,11.0333,7.6594,0.6214
663.00,11.0500,7.6762,0.6214
664.00,11.0667,7.6930,0.6214
665.00,11.0833,7.7098,0.6214
666.00,11.1000,7.7267,0.6214
667.00,11.1167,7.7435,0.6214
668.00,11.1333,7.7603,0.6214
669.00,11.1500,7.7771,0.6214
670.00,11.1667,7.7939,0.6214
671.00,11.1833,7.8107,0.6214
672.00,11.2000,7.8275,0.6214
673.00,11.2167,7.8443,0.6214
674.00,11.2333,7.8611,0.6214
675.00,11.2500,7.8780,0.6214
676.00,11.2667,7.8948,0.6214
677.00,11.2833,7.9116,0.6214
678.00,11.3000,7.9284,0.6214
679.00,11.3167,7.9452,0.6214
680.00,11.3333,7.9620,0.6214
681.00,11.3500,7.9788,0.6214
682.00,11.3667,7.9956,0.6214
683.00,11.3833,8.0125,0.6214
684.00,11.4000,8.0293,0.6214
685.00,11.4167,8.0461,0.6214
686.00,11.4333,8.0629,0.6214
687.00,11.4500,8.0797,0.6214
688.00,11.4667,8.0965,0.6214
689.00,11.4833,8.1133,0.6214
690.00,11.5000,8.1301,0.6214
691.00,11.5167,8.1469,0.6214
692.00,11.5333,8.1638,0.6214
693.00,11.5500,8.1806,0.6214
694.00,11.5667,8.1974,0.6214
695.00,11.5833,8.2142,0.6214
696.00,11.6000,8.2310,0.6214
697.00,11.6167,8.2478,0.6214
698.00,11.6333,8.2646,0.6214
699.00,11.6500,8.2814,0.6214
700.00,11.6667,8.2982,0.6214
701.00,11.6833,8.3151,0.6214
702.00,11.7000,8.3319,0.6214
703.00,11.7167,8.3487,0.6214
704.00,11.7333,8.3655,0.6214
705.00,11.7500,8.3823,0.6214
706.00,11.7667,8.3991,0.6214
707.00,11.7833,8.4159,0.6214
708.00,11.8000,8.4327,0.6214
709.00,11.8167,8.4496,0.6214
710.00,11.8333,8.4664,0.6214
711.00,11.8500,8.4832,0.6214
712.00,11.8667,8.5000,0.6214
713.00,11.8833,8.5168,0.6214
714.00,11.9000,8.5336,0.6214
715.00,11.9167,8.5504,0.6214
716.00,11.9333,8.5672,0.6214
717.00,11.9500,8.5840,0.6214
718.00,11.9667,8.6009,0.6214
719.00,11.9833,8.6177,0.6214
720.00,12.0000,8.6345,0.6214
721.00,12.0167,8.6513,0.6214
722.00,12.0333,8.6681,0.6214
723.00,12.0500,8.6849,0.6214
724.00,12.0667,8.7017,0.6214
725.00,12.0833,8.7185,0.6214
726.00,12.1000,8.7354,0.6214
727.00,12.1167,8.7522,0.6214
728.00,12.1333,8.7690,0.6214
729.00,12.1500,8.7858,0.6214
730.00,12.1667,8.8026,0.6214
731.00,12.1833,8.8194,0.6214
732.00,12.2000,8.8362,0.6214
733.00,12.2167,8.8530,0.6214
734.00,12.2333,8.8698,0.6214
735.00,12.2500,8.8867,0.6214
736.00,12.2667,8.9035,0.6214
737.00,12.2833,8.9203,0.6214
738.00,12.3000,8.9371,0.6214
739.00,12.3167,8.9539,0.6214
740.00,12.3333,8.9707,0.6214
741.00,12.3500,8.9875,0.6214
742.00,12.3667,9.0043,0.6214
743.00,12.3833,9.0211,0.6214
744.00,12.4000,9.0380,0.6214
745.00,12.4167,9.0548,0.6214
746.00,12.4333,9.0716,0.6214
747.00,12.4500,9.0884,0.6214
748.00,12.4667,9.1052,0.6214
749.00,12.4833,9.1220,0.6214
750.00,12.5000,9.1388,0.6214
751.00,12.5167,9.1556,0.6214
752.00,12.5333,9.1725,0.6214
753.00,12.5500,9.1893,0.6214
754.00,12.5667,9.2061,0.6214
755.00,12.5833,9.2229,0.6214
756.00,12.6000,9.2397,0.6214
757.00,12.6167,9.2565,0.6214
758.00,12.6333,9.2733,0.6214
759.00,12.6500,9.2901,0.6214
760.00,12.6667,9.3069,0.6214
761.00,12.6833,9.3238,0.6214
762.00,12.7000,9.3406,0.6214
763.00,12.7167,9.3574,0.6214
764.00,12.7333,9.3742,0.6214
765.00,12.7500,9.3910,0.6214
766.00,12.7667,9.4078,0.6214
767.00,12.7833,9.4246,0.6214
768.00,12.8000,9.4414,0.6214
769.00,12.8167,9.4582,0.6214
770.00,12.8333,9.4751,0.6214
771.00,12.8500,9.4919,0.6214
772.00,12.8667,9.5087,0.6214
773.00,12.8833,9.5255,0.6214
774.00,12.9000,9.5423,0.6214
775.00,12.9167,9.5591,0.6214
776.00,12.9333,9.5759,0.6214
777.00,12.9500,9.5927,0.6214
778.00,12.9667,9.6096,0.6214
779.00,12.9833,9.6264,0.6214
780.00,13.0000,9.6432,0.6214
781.00,13.0167,9.6600,0.6214
782.00,13.0333,9.6768,0.6214
783.00,13.0500,9.6936,0.6214
784.00,13.0667,9.7104,0.6214
785.00,13.0833,9.7272,0.6214
786.00,13.1000,9.7440,0.6214
787.00,13.1167,9.7609,0.6214
788.00,13.1333,9.7777,0.6214
789.00,13.1500,9.7945,0.6214
790.00,13.1667,9.8113,0.6214
791.00,13.1833,9.8281,0.6214
792.00,13.2000,9.8449,0.6214
793.00,13.2167,9.8617,0.6214
794.00,13.2333,9.8785,0.6214
795.00,13.2500,9.8954,0.6214
796.00,13.2667,9.9122,0.6214
797.00,13.2833,9.9290,0.6214
798.00,13.3000,9.9458,0.6214
799.00,13.3167,9.9626,0.6214
800.00,13.3333,9.9794,0.6214
801.00,13.3500,9.9962,0.6214
802.00,13.3667,10.0130,0.6214
803.00,13.3833,10.0298,0.6214
804.00,13.4000,10.0467,0.6214
805.00,13.4167,10.0635,0.6214
806.00,13.4333,10.0803,0.6214
807.00,13.4500,10.0971,0.6214
808.00,13.4667,10.1139,0.6214
809.00,13.4833,10.1307,0.6214
810.00,13.5000,10.1475,0.6214
811.00,13.5167,10.1643,0.6214
812.00,13.5333,10.1811,0.6214
813.00,13.5500,10.1980,0.6214
814.00,13.5667,10.2148,0.6214
815.00,13.5833,10.2316,0.6214
816.00,13.6000,10.2484,0.6214
817.00,13.6167,10.2652,0.6214
818.00,13.6333,10.2820,0.6214
819.00,13.6500,10.2988,0.6214
820.00,13.6667,10.3156,0.6214
821.00,13.6833,10.3325,0.6214
822.00,13.7000,10.3493,0.6214
823.00,13.7167,10.3661,0.6214
824.00,13.7333,10.3829,0.6214
825.00,13.7500,10.3997,0.6214
826.00,13.7667,10.4165,0.6214
827.00,13.7833,10.4333,0.6214
828.00,13.8000,10.4501,0.6214
829.00,13.8167,10.4669,0.6214
830.00,13.8333,10.4838,0.6214
831.00,13.8500,10.5006,0.6214
832.00,13.8667,10.5174,0.6214
833.00,13.8833,10.5342,0.6214
834.00,13.9000,10.5510,0.6214
835.00,13.9167,10.5678,0.6214
836.00,13.9333,10.5846,0.6214
837.00,13.9500,10.6014,0.6214
838.00,13.9667,10.6182,0.6214
839.00,13.9833,10.6351,0.6214
840.00,14.0000,10.6519,0.6214
841.00,14.0167,10.6687,0.6214
842.00,14.0333,10.6855,0.6214
843.00,14.0500,10.7023,0.6214
844.00,14.0667,10.7191,0.6214
845.00,14.0833,10.7359,0.6214
846.00,14.1000,10.7527,0.6214
847.00,14.1167,10.7696,0.6214
848.00,14.1333,10.7864,0.6214
849.00,14.1500,10.8032,0.6214
850.00,14.1667,10.8200,0.6214
851.00,14.1833,10.8368,0.6214
852.00,14.2000,10.8536,0.6214
853.00,14.2167,10.8704,0.6214
854.00,14.2333,10.8872,0.6214
855.00,14.2500,10.9040,0.6214
856.00,14.2667,10.9209,0.6214
857.00,14.2833,10.9377,0.6214
858.00,14.3000,10.9545,0.6214
859.00,14.3167,10.9713,0.6214
860.00,14.3333,10.9881,0.6214
861.00,14.3500,11.0049,0.6214
862.00,14.3667,11.0217,0.6214
863.00,14.3833,11.0385,0.6214
864.00,14.4000,11.0554,0.6214
865.00,14.4167,11.0722,0.6214
866.00,14.4333,11.0890,0.6214
867.00,14.4500,11.1058,0.6214
868.00,14.4667,11.1226,0.6214
869.00,14.4833,11.1394,0.6214
870.00,14.5000,11.1562,0.6214
871.00,14.5167,11.1730,0.6214
872.00,14.5333,11.1898,0.6214
873.00,14.5500,11.2067,0.6214
874.00,14.5667,11.2235,0.6214
875.00,14.5833,11.2403,0.6214
876.00,14.6000,11.2571,0.6214
877.00,14.6167,11.2739,0.6214
878.00,14.6333,11.2907,0.6214
879.00,14.6500,11.3075,0.6214
880.00,14.6667,11.3243,0.6214
881.00,14.6833,11.3411,0.6214
882.00,14.7000,11.3580,0.6214
883.00,14.7167,11.3748,0.6214
884.00,14.7333,11.3916,0.6214
885.00,14.7500,11.4084,0.6214
886.00,14.7667,11.4252,0.6214
887.00,14.7833,11.4420,0.6214
888.00,14.8000,11.4588,0.6214
889.00,14.8167,11.4756,0.6214
890.00,14.8333,11.4925,0.6214
891.00,14.8500,11.5093,0.6214
892.00,14.8667,11.5261,0.6214
893.00,14.8833,11.5429,0.6214
894.00,14.9000,11.5597,0.6214
895.00,14.9167,11.5765,0.6214
896.00,14.9333,11.5933,0.6214
897.00,14.9500,11.6101,0.6214
898.00,14.9667,11.6269,0.6214
899.00,14.9833,11.6438,0.6214
900.00,15.0000,11.6606,0.6214
901.00,15.0167,11.6774,0.6214
902.00,15.0333,11.6942,0.6214
903.00,15.0500,11.7110,0.6214
904.00,15.0667,11.7278,0.6214
905.00,15.0833,11.7446,0.6214
906.00,15.1000,11.7614,0.6214
907.00,15.1167,11.7782,0.6214
908.00,15.1333,11.7951,0.6214
909.00,15.1500,11.8119,0.6214
910.00,15.1667,11.8287,0.6214
911.00,15.1833,11.8455,0.6214
912.00,15.2000,11.8623,0.6214
913.00,15.2167,11.8791,0.6214
914.00,15.2333,11.8959,0.6214
915.00,15.2500,11.9127,0.6214
916.00,15.2667,11.9296,0.6214
917.00,15.2833,11.9464,0.6214
918.00,15.3000,11.9632,0.6214
919.00,15.3167,11.9800,0.6214
920.00,15.3333,11.9968,0.6214
